{
  "memory_growth_detected": false,
  "parent_rss_samples": [
    141.328125,
    141.328125,
    141.328125,
    141.328125,
    141.328125,
    141.328125,
    141.328125,
    141.328125,
    141.328125,
    141.328125,
    141.328125,
    141.328125,
    141.328125
  ],
  "parent_rss_slope_mb_per_1000_tiles": 0.0,
  "persistent_worker_rss_samples": [
    439.688,
    642.297,
    527.906,
    583.109,
    614.438,
    527.062,
    588.75,
    500.375,
    499.875,
    508.656,
    409.734,
    443.828,
    444.156
  ],
  "progress_sample_count": 13,
  "rss_after_model_load_mb": 439.688,
  "rss_end_mb": 444.156,
  "rss_mean_mb": 532.663,
  "rss_midrun_mb": 588.75,
  "rss_min_mb": 312.016,
  "rss_peak_mb": 665.219,
  "rss_peak_source": "timing_summary.persistent_worker_rss_mb.max_ms",
  "rss_slope_mb_per_1000_tiles": 3.9928507596068075,
  "rss_start_mb": 125.703125,
  "sampled_rss_peak_mb": 642.297,
  "swap_or_memory_pressure_observation_if_available": "No macOS memory-pressure warning observed by this validation driver; process completed without MemoryError or worker crash.",
  "timing_summary_rss_peak_mb": 665.219
}